file,width,height,total_pixels,pixel_size_m,area_m2,area_km2
data/images/maesuai_1.tif,1024,1024,1048576,1.0,1048576.0,1.048576
data/images/maesuai_10.tif,1024,1024,1048576,1.0,1048576.0,1.048576
data/images/maesuai_11.tif,1024,1024,1048576,1.0,1048576.0,1.048576
data/images/maesuai_12.tif,1024,1024,1048576,1.0,1048576.0,1.048576
data/images/maesuai_13.tif,1024,1024,1048576,1.0,1048576.0,1.048576
data/images/maesuai_14.tif,1024,1024,1048576,1.0,1048576.0,1.048576
data/images/maesuai_15.tif,1024,1024,1048576,1.0,1048576.0,1.048576
data/images/maesuai_16.tif,1024,1024,1048576,1.0,1048576.0,1.048576
data/images/maesuai_17.tif,1024,1024,1048576,1.0,1048576.0,1.048576
data/images/maesuai_18.tif,1024,1024,1048576,1.0,1048576.0,1.048576
data/images/maesuai_19.tif,1024,1024,1048576,1.0,1048576.0,1.048576
data/images/maesuai_2.tif,1024,1024,1048576,1.0,1048576.0,1.048576
data/images/maesuai_20.tif,1024,1024,1048576,1.0,1048576.0,1.048576
data/images/maesuai_21.tif,1024,1024,1048576,1.0,1048576.0,1.048576
data/images/maesuai_22.tif,1024,1024,1048576,1.0,1048576.0,1.048576
data/images/maesuai_23.tif,1024,1024,1048576,1.0,1048576.0,1.048576
data/images/maesuai_24.tif,1024,1024,1048576,1.0,1048576.0,1.048576
data/images/maesuai_25.tif,1024,1024,1048576,1.0,1048576.0,1.048576
data/images/maesuai_26.tif,1024,1024,1048576,1.0,1048576.0,1.048576
data/images/maesuai_27.tif,1024,1024,1048576,1.0,1048576.0,1.048576
data/images/maesuai_28.tif,1024,1024,1048576,1.0,1048576.0,1.048576
data/images/maesuai_29.tif,1024,1024,1048576,1.0,1048576.0,1.048576
data/images/maesuai_3.tif,1024,1024,1048576,1.0,1048576.0,1.048576
data/images/maesuai_30.tif,1024,1024,1048576,1.0,1048576.0,1.048576
data/images/maesuai_31.tif,1024,1024,1048576,1.0,1048576.0,1.048576
data/images/maesuai_32.tif,1024,1024,1048576,1.0,1048576.0,1.048576
data/images/maesuai_33.tif,1024,1024,1048576,1.0,1048576.0,1.048576
data/images/maesuai_34.tif,1024,1024,1048576,1.0,1048576.0,1.048576
data/images/maesuai_35.tif,1024,1024,1048576,1.0,1048576.0,1.048576
data/images/maesuai_36.tif,1024,1024,1048576,1.0,1048576.0,1.048576
data/images/maesuai_37.tif,1024,1024,1048576,1.0,1048576.0,1.048576
data/images/maesuai_38.tif,1024,1024,1048576,1.0,1048576.0,1.048576
data/images/maesuai_39.tif,1024,1024,1048576,1.0,1048576.0,1.048576
data/images/maesuai_4.tif,1024,1024,1048576,1.0,1048576.0,1.048576
data/images/maesuai_40.tif,1024,1024,1048576,1.0,1048576.0,1.048576
data/images/maesuai_41.tif,1024,1024,1048576,1.0,1048576.0,1.048576
data/images/maesuai_42.tif,1024,1024,1048576,1.0,1048576.0,1.048576
data/images/maesuai_43.tif,1024,1024,1048576,1.0,1048576.0,1.048576
data/images/maesuai_44.tif,1024,1024,1048576,1.0,1048576.0,1.048576
data/images/maesuai_45.tif,1024,1024,1048576,1.0,1048576.0,1.048576
data/images/maesuai_46.tif,1024,1024,1048576,1.0,1048576.0,1.048576
data/images/maesuai_47.tif,1024,1024,1048576,1.0,1048576.0,1.048576
data/images/maesuai_48.tif,1024,1024,1048576,1.0,1048576.0,1.048576
data/images/maesuai_49.tif,1024,1024,1048576,1.0,1048576.0,1.048576
data/images/maesuai_5.tif,1024,1024,1048576,1.0,1048576.0,1.048576
data/images/maesuai_50.tif,1024,1024,1048576,1.0,1048576.0,1.048576
data/images/maesuai_51.tif,1024,1024,1048576,1.0,1048576.0,1.048576
data/images/maesuai_52.tif,1024,1024,1048576,1.0,1048576.0,1.048576
data/images/maesuai_53.tif,1024,1024,1048576,1.0,1048576.0,1.048576
data/images/maesuai_54.tif,1024,1024,1048576,1.0,1048576.0,1.048576
data/images/maesuai_55.tif,1024,1024,1048576,1.0,1048576.0,1.048576
data/images/maesuai_56.tif,1024,1024,1048576,1.0,1048576.0,1.048576
data/images/maesuai_57.tif,1024,1024,1048576,1.0,1048576.0,1.048576
data/images/maesuai_58.tif,1024,1024,1048576,1.0,1048576.0,1.048576
data/images/maesuai_59.tif,1024,1024,1048576,1.0,1048576.0,1.048576
data/images/maesuai_6.tif,1024,1024,1048576,1.0,1048576.0,1.048576
data/images/maesuai_60.tif,1024,1024,1048576,1.0,1048576.0,1.048576
data/images/maesuai_61.tif,1024,1024,1048576,1.0,1048576.0,1.048576
data/images/maesuai_62.tif,1024,1024,1048576,1.0,1048576.0,1.048576
data/images/maesuai_63.tif,1024,1024,1048576,1.0,1048576.0,1.048576
data/images/maesuai_64.tif,1024,1024,1048576,1.0,1048576.0,1.048576
data/images/maesuai_65.tif,1024,1024,1048576,1.0,1048576.0,1.048576
data/images/maesuai_66.tif,1024,1024,1048576,1.0,1048576.0,1.048576
data/images/maesuai_67.tif,1024,1024,1048576,1.0,1048576.0,1.048576
data/images/maesuai_68.tif,1024,1024,1048576,1.0,1048576.0,1.048576
data/images/maesuai_69.tif,1024,1024,1048576,1.0,1048576.0,1.048576
data/images/maesuai_7.tif,1024,1024,1048576,1.0,1048576.0,1.048576
data/images/maesuai_70.tif,1024,1024,1048576,1.0,1048576.0,1.048576
data/images/maesuai_71.tif,1024,1024,1048576,1.0,1048576.0,1.048576
data/images/maesuai_72.tif,1024,1024,1048576,1.0,1048576.0,1.048576
data/images/maesuai_73.tif,1024,1024,1048576,1.0,1048576.0,1.048576
data/images/maesuai_74.tif,1024,1024,1048576,1.0,1048576.0,1.048576
data/images/maesuai_75.tif,1024,1024,1048576,1.0,1048576.0,1.048576
data/images/maesuai_76.tif,1024,1024,1048576,1.0,1048576.0,1.048576
data/images/maesuai_77.tif,1024,1024,1048576,1.0,1048576.0,1.048576
data/images/maesuai_78.tif,1024,1024,1048576,1.0,1048576.0,1.048576
data/images/maesuai_79.tif,1024,1024,1048576,1.0,1048576.0,1.048576
data/images/maesuai_8.tif,1024,1024,1048576,1.0,1048576.0,1.048576
data/images/maesuai_80.tif,1024,1024,1048576,1.0,1048576.0,1.048576
data/images/maesuai_81.tif,1024,1024,1048576,1.0,1048576.0,1.048576
data/images/maesuai_82.tif,1024,1024,1048576,1.0,1048576.0,1.048576
data/images/maesuai_83.tif,1024,1024,1048576,1.0,1048576.0,1.048576
data/images/maesuai_84.tif,1024,1024,1048576,1.0,1048576.0,1.048576
data/images/maesuai_9.tif,1024,1024,1048576,1.0,1048576.0,1.048576
