file,width,height,total_pixels,background_rgb,background_pixels,area_pixels,pixel_size_m,area_m2,area_km2
data/raw/review/maesuai_10_mask.tif,1024,1024,1048576,"34,97,38",566577,481999,1.0,481999.0,0.481999
data/raw/review/maesuai_11_mask.tif,1024,1024,1048576,"75,181,73",435635,612941,1.0,612941.0,0.612941
data/raw/review/maesuai_12_mask.tif,1024,1024,1048576,"75,181,73",815379,233197,1.0,233197.0,0.233197
data/raw/review/maesuai_13_mask.tif,1024,1024,1048576,"34,97,38",757783,290793,1.0,290793.0,0.290793
data/raw/review/maesuai_14_mask.tif,1024,1024,1048576,"75,181,73",480765,567811,1.0,567811.0,0.567811
data/raw/review/maesuai_15_mask.tif,1024,1024,1048576,"75,181,73",935697,112879,1.0,112879.0,0.112879
data/raw/review/maesuai_16_mask.tif,1024,1024,1048576,"75,181,73",1024297,24279,1.0,24279.0,0.024279
data/raw/review/maesuai_17_mask.tif,1024,1024,1048576,"34,97,38",1007840,40736,1.0,40736.0,0.040736
data/raw/review/maesuai_18_mask.tif,1024,1024,1048576,"34,97,38",911941,136635,1.0,136635.0,0.136635
data/raw/review/maesuai_19_mask.tif,1024,1024,1048576,"75,181,73",546094,502482,1.0,502482.0,0.502482
data/raw/review/maesuai_1_mask.tif,1024,1024,1048576,"0,69,255",1048492,84,1.0,84.0,8.4e-05
data/raw/review/maesuai_20_mask.tif,1024,1024,1048576,"75,181,73",974530,74046,1.0,74046.0,0.074046
data/raw/review/maesuai_21_mask.tif,1024,1024,1048576,"34,97,38",849240,199336,1.0,199336.0,0.199336
data/raw/review/maesuai_22_mask.tif,1024,1024,1048576,"34,97,38",776137,272439,1.0,272439.0,0.272439
data/raw/review/maesuai_23_mask.tif,1024,1024,1048576,"34,97,38",491818,556758,1.0,556758.0,0.556758
data/raw/review/maesuai_24_mask.tif,1024,1024,1048576,"75,181,73",333305,715271,1.0,715271.0,0.715271
data/raw/review/maesuai_25_mask.tif,1024,1024,1048576,"34,97,38",513130,535446,1.0,535446.0,0.535446
data/raw/review/maesuai_26_mask.tif,1024,1024,1048576,"34,97,38",628029,420547,1.0,420547.0,0.420547
data/raw/review/maesuai_27_mask.tif,1024,1024,1048576,"34,97,38",466380,582196,1.0,582196.0,0.582196
data/raw/review/maesuai_28_mask.tif,1024,1024,1048576,"148,148,148",344744,703832,1.0,703832.0,0.703832
data/raw/review/maesuai_29_mask.tif,1024,1024,1048576,"75,181,73",601396,447180,1.0,447180.0,0.44718
data/raw/review/maesuai_2_mask.tif,1024,1024,1048576,"0,69,255",390254,658322,1.0,658322.0,0.658322
data/raw/review/maesuai_30_mask.tif,1024,1024,1048576,"34,97,38",343669,704907,1.0,704907.0,0.704907
data/raw/review/maesuai_31_mask.tif,1024,1024,1048576,"75,181,73",439292,609284,1.0,609284.0,0.609284
data/raw/review/maesuai_32_mask.tif,1024,1024,1048576,"75,181,73",737947,310629,1.0,310629.0,0.310629
data/raw/review/maesuai_33_mask.tif,1024,1024,1048576,"148,148,148",431246,617330,1.0,617330.0,0.61733
data/raw/review/maesuai_34_mask.tif,1024,1024,1048576,"34,97,38",299988,748588,1.0,748588.0,0.748588
data/raw/review/maesuai_35_mask.tif,1024,1024,1048576,"34,97,38",346854,701722,1.0,701722.0,0.701722
data/raw/review/maesuai_36_mask.tif,1024,1024,1048576,"34,97,38",647665,400911,1.0,400911.0,0.400911
data/raw/review/maesuai_37_mask.tif,1024,1024,1048576,"222,31,7",380625,667951,1.0,667951.0,0.667951
data/raw/review/maesuai_38_mask.tif,1024,1024,1048576,"148,148,148",261690,786886,1.0,786886.0,0.786886
data/raw/review/maesuai_39_mask.tif,1024,1024,1048576,"34,97,38",352949,695627,1.0,695627.0,0.695627
data/raw/review/maesuai_3_mask.tif,1024,1024,1048576,"34,97,38",964019,84557,1.0,84557.0,0.084557
data/raw/review/maesuai_40_mask.tif,1024,1024,1048576,"75,181,73",584938,463638,1.0,463638.0,0.463638
data/raw/review/maesuai_41_mask.tif,1024,1024,1048576,"34,97,38",378736,669840,1.0,669840.0,0.66984
data/raw/review/maesuai_42_mask.tif,1024,1024,1048576,"75,181,73",651662,396914,1.0,396914.0,0.396914
data/raw/review/maesuai_43_mask.tif,1024,1024,1048576,"75,181,73",523865,524711,1.0,524711.0,0.524711
data/raw/review/maesuai_44_mask.tif,1024,1024,1048576,"34,97,38",595803,452773,1.0,452773.0,0.452773
data/raw/review/maesuai_45_mask.tif,1024,1024,1048576,"75,181,73",574856,473720,1.0,473720.0,0.47372
data/raw/review/maesuai_46_mask.tif,1024,1024,1048576,"75,181,73",506964,541612,1.0,541612.0,0.541612
data/raw/review/maesuai_47_mask.tif,1024,1024,1048576,"34,97,38",386866,661710,1.0,661710.0,0.66171
data/raw/review/maesuai_48_mask.tif,1024,1024,1048576,"34,97,38",533585,514991,1.0,514991.0,0.514991
data/raw/review/maesuai_49_mask.tif,1024,1024,1048576,"75,181,73",724918,323658,1.0,323658.0,0.323658
data/raw/review/maesuai_4_mask.tif,1024,1024,1048576,"34,97,38",865760,182816,1.0,182816.0,0.182816
data/raw/review/maesuai_50_mask.tif,1024,1024,1048576,"75,181,73",346909,701667,1.0,701667.0,0.701667
data/raw/review/maesuai_51_mask.tif,1024,1024,1048576,"0,255,36",386309,662267,1.0,662267.0,0.662267
data/raw/review/maesuai_52_mask.tif,1024,1024,1048576,"34,97,38",454709,593867,1.0,593867.0,0.593867
data/raw/review/maesuai_53_mask.tif,1024,1024,1048576,"75,181,73",496313,552263,1.0,552263.0,0.552263
data/raw/review/maesuai_54_mask.tif,1024,1024,1048576,"34,97,38",443103,605473,1.0,605473.0,0.605473
data/raw/review/maesuai_55_mask.tif,1024,1024,1048576,"34,97,38",491117,557459,1.0,557459.0,0.557459
data/raw/review/maesuai_56_mask.tif,1024,1024,1048576,"75,181,73",351463,697113,1.0,697113.0,0.697113
data/raw/review/maesuai_57_mask.tif,1024,1024,1048576,"75,181,73",598430,450146,1.0,450146.0,0.450146
data/raw/review/maesuai_58_mask.tif,1024,1024,1048576,"75,181,73",952826,95750,1.0,95750.0,0.09575
data/raw/review/maesuai_59_mask.tif,1024,1024,1048576,"75,181,73",957884,90692,1.0,90692.0,0.090692
data/raw/review/maesuai_5_mask.tif,1024,1024,1048576,"0,69,255",1048576,0,1.0,0.0,0.0
data/raw/review/maesuai_60_mask.tif,1024,1024,1048576,"75,181,73",1005986,42590,1.0,42590.0,0.04259
data/raw/review/maesuai_61_mask.tif,1024,1024,1048576,"75,181,73",822327,226249,1.0,226249.0,0.226249
data/raw/review/maesuai_62_mask.tif,1024,1024,1048576,"75,181,73",861697,186879,1.0,186879.0,0.186879
data/raw/review/maesuai_63_mask.tif,1024,1024,1048576,"75,181,73",989700,58876,1.0,58876.0,0.058876
data/raw/review/maesuai_64_mask.tif,1024,1024,1048576,"75,181,73",759910,288666,1.0,288666.0,0.288666
data/raw/review/maesuai_65_mask.tif,1024,1024,1048576,"75,181,73",444922,603654,1.0,603654.0,0.603654
data/raw/review/maesuai_66_mask.tif,1024,1024,1048576,"34,97,38",320223,728353,1.0,728353.0,0.728353
data/raw/review/maesuai_67_mask.tif,1024,1024,1048576,"75,181,73",409191,639385,1.0,639385.0,0.639385
data/raw/review/maesuai_68_mask.tif,1024,1024,1048576,"34,97,38",389063,659513,1.0,659513.0,0.659513
data/raw/review/maesuai_69_mask.tif,1024,1024,1048576,"34,97,38",437552,611024,1.0,611024.0,0.611024
data/raw/review/maesuai_6_mask.tif,1024,1024,1048576,"0,69,255",602546,446030,1.0,446030.0,0.44603
data/raw/review/maesuai_70_mask.tif,1024,1024,1048576,"34,97,38",461384,587192,1.0,587192.0,0.587192
data/raw/review/maesuai_71_mask.tif,1024,1024,1048576,"34,97,38",405865,642711,1.0,642711.0,0.642711
data/raw/review/maesuai_72_mask.tif,1024,1024,1048576,"75,181,73",506519,542057,1.0,542057.0,0.542057
data/raw/review/maesuai_73_mask.tif,1024,1024,1048576,"34,97,38",426072,622504,1.0,622504.0,0.622504
data/raw/review/maesuai_74_mask.tif,1024,1024,1048576,"34,97,38",554135,494441,1.0,494441.0,0.494441
data/raw/review/maesuai_75_mask.tif,1024,1024,1048576,"75,181,73",588514,460062,1.0,460062.0,0.460062
data/raw/review/maesuai_76_mask.tif,1024,1024,1048576,"75,181,73",663897,384679,1.0,384679.0,0.384679
data/raw/review/maesuai_77_mask.tif,1024,1024,1048576,"34,97,38",528455,520121,1.0,520121.0,0.520121
data/raw/review/maesuai_78_mask.tif,1024,1024,1048576,"34,97,38",446259,602317,1.0,602317.0,0.602317
data/raw/review/maesuai_79_mask.tif,1024,1024,1048576,"75,181,73",835134,213442,1.0,213442.0,0.213442
data/raw/review/maesuai_7_mask.tif,1024,1024,1048576,"34,97,38",597046,451530,1.0,451530.0,0.45153
data/raw/review/maesuai_80_mask.tif,1024,1024,1048576,"75,181,73",788887,259689,1.0,259689.0,0.259689
data/raw/review/maesuai_81_mask.tif,1024,1024,1048576,"148,148,148",418665,629911,1.0,629911.0,0.629911
data/raw/review/maesuai_82_mask.tif,1024,1024,1048576,"34,97,38",452912,595664,1.0,595664.0,0.595664
data/raw/review/maesuai_83_mask.tif,1024,1024,1048576,"75,181,73",448555,600021,1.0,600021.0,0.600021
data/raw/review/maesuai_84_mask.tif,1024,1024,1048576,"75,181,73",848528,200048,1.0,200048.0,0.200048
data/raw/review/maesuai_8_mask.tif,1024,1024,1048576,"34,97,38",578148,470428,1.0,470428.0,0.470428
data/raw/review/maesuai_9_mask.tif,1024,1024,1048576,"0,69,255",503764,544812,1.0,544812.0,0.544812
